{
  "model": "out_sft_minilm/encoder-sft-minilm",
  "text_clip_chars": 2000,
  "post_train": {
    "feature_cols": [
      "U",
      "T",
      "Sh",
      "E",
      "domain_same",
      "time_diff_days"
    ],
    "logreg": {
      "weights": [
        -1.7112557762952358,
        1.7365858512975818,
        0.66634405679564,
        7.781068291206204,
        -4.830277816064505,
        0.00015803427641877774
      ],
      "bias": -2.2279960467622555,
      "tau_prob": 0.229
    },
    "tau_embed_only": 0.428
  },
  "metrics": {
    "embed_only": {
      "val": {
        "tau": 0.428,
        "precision": 0.9506423258958756,
        "recall": 0.9597269624573379,
        "f1": 0.9551630434782609
      },
      "test": {
        "precision": 0.9417539267015707,
        "recall": 0.948582729070534,
        "f1": 0.9451559934318555,
        "auc": 0.9846758984958941
      }
    },
    "logreg": {
      "val": {
        "tau": 0.229,
        "precision": 0.9502943100065402,
        "recall": 0.9918088737201365,
        "f1": 0.9706078824315297
      },
      "test": {
        "precision": 0.9241126070991432,
        "recall": 0.995385629531971,
        "f1": 0.9584258965407807,
        "auc": 0.998001566690184
      }
    }
  },
  "seed": 2026
}