{
  "input_csv": "data/data.csv",
  "total_rows": 12,
  "rows_with_valid_labels": 12,
  "pairs_evaluated": 12,
  "pairs_failed": 0,
  "similarity_threshold": 0.68,
  "novelty_threshold_equivalent": 0.31999999999999995,
  "accuracy": 0.9166666666666666,
  "precision": 0.8571428571428571,
  "recall": 1.0,
  "f1": 0.9230769230769231,
  "roc_auc": 0.8611111111111112,
  "confusion_matrix": {
    "tn": 5,
    "fp": 1,
    "fn": 0,
    "tp": 6
  }
}