{
  "model": "out_sft_minilm_L12/encoder-sft-minilm",
  "text_clip_chars": 2000,
  "post_train": {
    "feature_cols": [
      "T",
      "Sh",
      "E",
      "time_diff_days"
    ],
    "logreg": {
      "weights": [
        1.5964173731821518,
        -0.3086714733784394,
        9.862656235626625,
        3.473674741137213e-06
      ],
      "bias": -3.9627096266290827,
      "tau_prob": 0.614
    },
    "tau_embed_only": 0.462
  },
  "metrics": {
    "embed_only": {
      "val": {
        "tau": 0.462,
        "precision": 0.9803779069767442,
        "recall": 0.9208191126279863,
        "f1": 0.9496656107004576
      },
      "test": {
        "precision": 0.9688605803255484,
        "recall": 0.9024390243902439,
        "f1": 0.9344709897610921,
        "auc": 0.9837415359585973
      }
    },
    "logreg": {
      "val": {
        "tau": 0.614,
        "precision": 0.9818181818181818,
        "recall": 0.9215017064846417,
        "f1": 0.9507042253521126
      },
      "test": {
        "precision": 0.9689922480620154,
        "recall": 0.9063941990771259,
        "f1": 0.9366485013623979,
        "auc": 0.9838920901601942
      }
    }
  },
  "seed": 2026
}