{
  "model": "out_sft_minilm/encoder-sft-minilm",
  "text_clip_chars": 2000,
  "post_train": {
    "feature_cols": [
      "T",
      "Sh",
      "E",
      "time_diff_days"
    ],
    "logreg": {
      "weights": [
        2.295724065540787,
        -0.1460602388253978,
        10.452482548618157,
        4.7824042344365354e-05
      ],
      "bias": -5.19680476777516,
      "tau_prob": 0.681
    },
    "tau_embed_only": 0.5710000000000001
  },
  "metrics": {
    "embed_only": {
      "val": {
        "tau": 0.5710000000000001,
        "precision": 0.9801470588235294,
        "recall": 0.9098976109215017,
        "f1": 0.943716814159292
      },
      "test": {
        "precision": 0.9760174418604651,
        "recall": 0.8852999340804218,
        "f1": 0.9284479778776357,
        "auc": 0.9846758984958941
      }
    },
    "logreg": {
      "val": {
        "tau": 0.681,
        "precision": 0.9802342606149341,
        "recall": 0.9139931740614334,
        "f1": 0.9459554927587425
      },
      "test": {
        "precision": 0.9748020158387329,
        "recall": 0.8925510876730389,
        "f1": 0.9318651066758431,
        "auc": 0.9850483464284607
      }
    }
  },
  "seed": 2026
}