model,embed_dim,tau_val,test_precision,test_recall,test_f1,test_auc,encode_time_s
sentence-transformers/all-MiniLM-L12-v2,384,0.357,0.9506089309878214,0.9000640614990391,0.924646265218822,0.9770137820456261,54.71
sentence-transformers/all-MiniLM-L6-v2,384,0.395,0.9561943874058864,0.8949391415759129,0.9245532759761748,0.974986057082448,57.79
sentence-transformers/all-mpnet-base-v2,768,0.429,0.9567307692307693,0.8923766816143498,0.9234338747099768,0.9757095703611532,459.0
intfloat/e5-base-v2,768,0.795,0.9583043780403058,0.8834080717488789,0.9193333333333333,0.9690202530367653,501.05
BAAI/bge-base-en-v1.5,768,0.584,0.9543252595155709,0.8834080717488789,0.9174983366600133,0.970168927833757,506.0
